X,Y,Z,M
28.263141,3.59225,-9.398,3.263406085
28.379281,3.619712,-9.167,4.357416111
28.35644,3.467614,-12.305,2.573589329
28.351284,3.615661,-11.57,2.970119551
28.357585,3.619155,-10.153,2.966919817
28.395124,3.621222,-3.485,2.708753443
28.382494,3.614918,-7.155,2.469480206
28.258822,3.544914,-9.371,2.47450042
28.374574,3.624902,-7.136,2.646643932
28.251615,3.604757,-9.836,2.505827166
28.383251,3.61294,-9.383,2.719122716
28.418842,3.62127,-2.524,2.866402798
28.389249,3.596481,-13.111,2.7469568
28.390328,3.6194,-5.103,2.622989546
28.246213,3.601497,-11.491,4.682534982
28.249011,3.603464,-9.93,3.306824616
28.259542,3.601708,-9.493,2.721475316
28.258471,3.604185,-9.583,2.512303602
28.254638,3.601179,-9.362,2.337998829
28.380974,3.619139,-7.456,2.629082662
28.381402,3.623953,-7.277,2.733341084
28.370637,3.445703,-9.571,3.806035536
28.361482,3.616385,-7.957,2.93771669
28.240515,3.609247,-10.249,2.608448408
28.361056,3.56579,-11.15,2.785439496
28.42208,3.614651,-8.489,3.159319995
28.25498,3.60501,-9.285,2.434546995
28.370755,3.614477,-8.502,2.551319168
28.381471,3.571434,-7.139,2.479971285
28.40214,3.390963,-8.184,2.538680725
28.364379,3.373048,-9.079,3.292358012
28.361059,3.537961,-9.853,2.380473362
28.249517,3.580928,-10.934,2.440909656
28.367904,3.480291,-7.285,2.344073256
28.347206,3.619643,-10.061,2.428145776
28.373864,3.546698,-7.774,2.353286314
28.383996,3.617418,-7.702,2.516531679
28.239483,3.565421,-9.334,2.780328652
28.24271,3.556018,-10.377,3.228397779
28.237348,3.56254,-7.96,2.742968192
28.236699,3.56727,-6.273,2.730374597
28.388703,3.615357,-8.216,2.679018694
28.234741,3.539755,-7.905,2.41394903
28.371969,3.617063,-7.966,2.570744029
28.247059,3.603645,-8.391,2.397684924
28.249412,3.566231,-9.849,2.655855662
28.359238,3.400149,-7.645,2.773499366
28.361158,3.608972,-8.92,2.874841959
28.362382,3.534476,-9.998,2.94055869
28.353862,3.39244,-3.906,2.707591612
28.250965,3.599381,-9.927,3.062540001
28.374528,3.611322,-5.595,2.855249339
28.368513,3.618504,-9.527,2.977398858
28.362318,3.46234,-8.003,2.58876816
28.444228,3.361511,-6.619,2.559688839
28.221969,3.57683,-9.775,2.668501173
28.418546,3.586846,-9.389,2.615189031
28.367996,3.598623,-6.205,2.882532689
28.36574,3.609779,-8.826,3.230588617
28.36293,3.609311,-8.619,2.446669934
28.365435,3.610676,-9.484,2.600670167
28.38245,3.564416,-7.816,2.714512899
28.368484,3.396161,-6.725,2.784730289
28.384712,3.605891,-7.761,2.86902519
28.40562,3.418555,-6.441,2.742793233
28.35899,3.620577,-9.608,3.246196924
28.25766,3.544247,-10.222,3.097133507
28.395841,3.613176,-7.042,2.402761111
28.429148,3.569259,-6.539,2.671382284
28.381732,3.43215,-8.141,2.470659379
28.369298,3.358721,-5.516,2.868426451
28.361302,3.394948,-8.304,2.657734778
28.371751,3.540502,-10.694,2.462261968
28.246212,3.599314,-10.179,2.398593633
28.249817,3.570867,-10.76,2.500324195
28.62889,3.372906,-10.399,2.411770932
28.35723,3.611768,-9.06,2.520946611
28.375293,3.500568,-10.456,2.614495313
28.367512,3.40405,-8.813,2.094046432
28.394396,3.371954,-10.815,2.376363638
28.364322,3.476301,-6.186,2.424049643
28.401204,3.382127,-9.613,2.308618626
28.372409,3.540761,-9.039,2.854240835
28.387728,3.576999,-9.283,2.222212715
28.416185,3.593489,-8.436,2.296009023
28.424763,3.294056,-6.595,2.316954563
28.351274,3.407815,-8.106,2.777467286
28.406884,3.423154,-5.191,2.823144623
28.363885,3.392235,-8.357,2.902719023
28.369382,3.369725,-9.194,3.395031599
28.359048,3.615675,-9.511,3.342835627
28.379481,3.35911,-4.629,3.059351696
28.363563,3.602644,-2.487,2.511729337
28.387981,3.603923,-6.2,2.547945507
28.369447,3.597918,-7.307,2.970575377
28.421907,3.363413,-9.789,2.374767532
28.381321,3.572259,-5.597,2.433693376
28.39984,3.561949,-10.81,2.379726127
28.368777,3.607063,-9.012,3.061425892
28.441368,3.34333,-8.657,2.144403336
28.250644,3.599714,-9.93,2.709648366
28.381041,3.403765,-10.41,2.917636673
28.382601,3.610157,-8.927,3.10927112
28.369855,3.620937,-8.233,2.28106403
28.399315,3.617945,-7.641,2.541903274
28.360432,3.614823,-9.718,2.25575409
28.350283,3.402344,-9.664,2.70935827
28.356841,3.615782,-9.143,3.100934696
28.421948,3.369116,-8.969,2.919709215
28.369866,3.57999,-10.586,3.191586755
28.378543,3.608213,-8.348,2.707846726
28.390153,3.608777,-8.846,2.863192281
28.365406,3.612469,-9.601,2.665348251
28.417333,3.369391,-9.636,2.992406511
28.390345,3.570727,-7.653,3.181631004
28.38404,3.353263,-10.009,2.759088995
28.361374,3.615213,-8.84,2.862724904
28.240836,3.552546,-9.256,2.651897602
28.398755,3.620901,-7.872,2.613419706
28.40323,3.612835,-7.555,2.793973028
28.402185,3.610507,-8.906,2.814026678
28.398628,3.558795,-9.795,2.69825106
28.367371,3.620251,-8.973,3.057554508
28.368077,3.607809,-7.91,2.431312549
28.434618,3.366714,-7.751,2.617433557
28.371188,3.486771,-10.798,2.543456487
28.673273,3.58191,-25.265,2.667691753
28.419973,3.361411,-9.731,2.91659632
28.391081,3.606857,-7.843,2.672343708
28.420932,3.362185,-9.944,2.233173082
28.370414,3.605728,-8.864,3.098710589
28.365733,3.605198,-8.43,2.700006478
28.370136,3.61057,-8.961,2.742476034
28.372085,3.368659,-11.208,2.322514985
28.61517,3.365716,-7.592,2.686414273
28.365991,3.391469,-7.504,2.4456948
28.684971,3.411386,-20.838,2.603392462
28.248431,3.596625,-10.522,2.488983296
28.399599,3.545551,-7.248,2.603422759
28.360958,3.616832,-8.363,2.435606766
28.371169,3.394769,-9.672,2.116878343
28.37046,3.608717,-9.161,2.873957973
28.36672,3.60895,-8.316,2.346156073
28.363978,3.61297,-9.426,2.423091598
28.371029,3.50045,-11.726,2.609163985
28.245786,3.584018,-11.168,2.450034007
28.37,3.609041,-9.393,3.10358665
28.370157,3.605894,-8.846,3.093012524
28.656361,3.583951,-24.243,2.804186438
28.339702,3.784369,-13.711,2.84696861
28.261758,3.552799,-9.089,2.61602751
28.244283,3.565363,-10.51,2.959660925
28.359954,3.359282,-7.315,2.735875294
28.366629,3.455719,-7.711,2.578037348
28.230587,3.556082,-10.795,2.552679765
28.360898,3.399032,-7.13,2.602403715
28.37246,3.501657,-10.448,2.778624038
28.420179,3.372639,-8.802,1.966666643
28.241016,3.568966,-10.264,3.298468379
28.377991,3.381813,-8.223,3.528930452
28.343702,3.381176,-11.703,2.359740935
28.360562,3.604873,-7.194,2.645894879
28.389964,3.37941,-9.308,2.95279292
28.423405,3.364488,-10.046,2.81956221
28.366582,3.458417,-7.121,2.635858789
28.378806,3.396928,-7.596,3.443068102
28.256259,3.551644,-11.03,2.580572804
28.241993,3.591057,-8.762,3.401089688
28.241116,3.588053,-9.949,3.970628227
28.363192,3.370897,-8.79,2.965714241
28.359674,3.788706,-15.351,3.595670745
28.35897,3.787782,-15.582,2.931711925
28.358034,3.791395,-15.464,2.666165166
28.364126,3.389227,-12.455,2.948731748
28.410985,3.368291,-9.624,2.466102733
28.235803,3.600808,-10.355,2.539857175
28.365001,3.786014,-14.759,2.54013292
28.369866,3.616046,-10.921,2.505667097
28.235736,3.587532,-8.894,2.460515436
28.392655,3.597806,-8.893,2.507086547
28.239165,3.585275,-7.837,2.395915288
28.36349,3.384507,-7.38,2.679405141
28.357539,3.375934,-9.168,2.893581013
28.359934,3.618342,-8.946,2.981017407
28.383952,3.613831,-5.371,2.527835313
28.35786,3.612513,-9.129,2.390601823
28.67503,3.432609,-21.232,2.613004241
28.355785,3.616355,-8.13,2.761290782
28.614911,3.367388,-6.462,2.513073977
28.354792,3.607054,-7.236,2.357601118
28.368611,3.579563,-9.645,2.789626538
28.361022,3.610969,-9.466,2.545397422
28.383551,3.618014,-8.767,3.107896525
28.358731,3.613163,-9.305,2.35909722
28.238641,3.56065,-11.728,3.756596339
28.239638,3.58276,-7.51,2.609998043
28.367644,3.577191,-5.563,3.015362762
28.237345,3.561889,-10.851,2.660643097
28.390325,3.55827,-9.542,2.437202696
28.378852,3.616329,-8.287,2.756969604
28.37208,3.489482,-14.645,2.786548984
28.388364,3.618688,-9.975,2.921450828
28.241787,3.562625,-10.795,3.06844252
28.379275,3.611981,-8.465,2.899418618
28.416398,3.430541,-4.323,3.013436392
28.404756,3.428828,-6.797,3.568189628
28.240254,3.589148,-9.05,3.803519395
28.241859,3.562034,-11.045,3.160298315
28.389788,3.583148,-8.488,2.809096359
28.362106,3.389488,-10.708,3.440115528
28.417597,3.593079,-9.113,2.753133276
28.240542,3.588063,-8.732,3.20103477
28.385358,3.596259,-8.73,2.585680565
28.416539,3.556888,-7.522,3.045020278
28.409091,3.450076,-4.987,2.705765986
28.363954,3.582747,-9.249,2.920722983
28.37778,3.369648,-8.45,2.486045494
28.369009,3.473916,-8.866,2.555581531
28.39113,3.58409,-9.487,2.436822992
28.249453,3.591195,-8.898,3.141395133
28.369655,3.372995,-12.415,3.060752107
28.39771,3.390593,-8.233,2.413943738
28.404425,3.389357,-7.244,2.390462134
28.367547,3.425475,-7.554,2.347558601
28.407731,3.399169,-7.054,2.907848803
28.361625,3.491064,-7.393,2.608524166
28.359501,3.439473,-7.597,2.569052664
28.42396,3.362308,-9.268,2.663125285
28.352629,3.410841,-7.646,2.680087705
28.362861,3.361854,-6.081,3.26904385
28.395759,3.617259,-8.193,3.94837261
28.235939,3.589109,-8.189,3.055266553
28.364676,3.379104,-7.521,3.076341622
28.368425,3.617756,-9.705,2.735630203
28.385463,3.351527,-11.038,2.827247786
28.360968,3.555404,-7.833,2.581237627
28.430693,3.369349,-7.303,2.682902809
28.400324,3.366574,-8.276,2.677687868
28.426812,3.368217,-8.481,2.603946915
28.360451,3.625487,-9.485,2.582487225
28.349717,3.613847,-8.796,2.867537094
28.426232,3.368595,-8.475,2.829042361
28.370858,3.3778,-11.388,2.645494635
28.420227,3.372966,-8.926,2.447233674
28.35708,3.611845,-9.307,3.237330984
28.432246,3.364225,-7.819,2.494829712
28.360518,3.618302,-8.733,2.778023032
28.428646,3.368853,-7.488,2.387263483
28.429157,3.362429,-8.534,2.309670486
28.409477,3.598757,-9.904,3.235936113
28.354109,3.613681,-8.378,2.603088408
28.369364,3.371493,-12.561,2.777117948
28.363053,3.534495,-10.224,2.587613737
28.363402,3.408132,-7.369,2.987128471
28.37918,3.623048,-9.301,2.787650611
28.248707,3.599296,-9.266,2.639731389
28.370252,3.596499,-8.807,2.327936722
28.362176,3.391451,-9.329,2.563618784
28.13592,3.72725,-8.498,2.682034429
28.36666,3.392523,-8.102,2.282523945
28.13706,3.720746,-7.956,2.982009037
28.377507,3.406243,-3.787,2.067032979
28.411198,3.367737,-9.596,2.487065063
28.375424,3.54356,-6.624,2.263545072
28.41214,3.375756,-8.324,2.417615104
28.256447,3.549625,-9.239,2.83220768
28.336312,3.445651,-11.972,2.537603651
28.396426,3.347762,-6.91,2.965796344
28.242483,3.588545,-8.808,2.836461726
28.376835,3.578021,-7.6,2.679743772
28.651476,3.421653,-8.433,2.947372059
28.362956,3.613556,-6.704,2.827333227
28.365285,3.617373,-7.545,3.186930341
28.368229,3.622856,-8.923,4.533113733
28.36441,3.625262,-8.298,3.188634342
28.64821,3.428581,-10.071,3.105477287
28.639266,3.439434,-10.095,2.920221424
28.360344,3.612232,-9.82,3.010778965
28.362873,3.613744,-8.282,3.036754598
28.416524,3.558499,-7.673,2.568767862
28.367367,3.447266,-8.429,2.965341258
28.353435,3.404728,-7.434,2.680468701
28.106596,3.72995,-8.802,3.902392861
28.381946,3.608398,-8.354,2.700325023
28.359415,3.521954,-4.103,2.949894038
28.366784,3.472715,-8.581,2.490220023
28.369593,3.477498,-9.023,2.553812691
28.38207,3.597957,-8.668,2.250199325
28.41145,3.372713,-8.404,2.952273306
28.250365,3.595261,-9.764,3.247465252
28.252692,3.59806,-9.037,2.740211047
28.394945,3.602749,-9.173,2.389151362
28.248856,3.59348,-9.742,2.676598484
28.258502,3.559395,-8.801,2.42060906
28.359325,3.621718,-8.898,2.652470921
28.358342,3.612027,-7.509,2.486933773
28.391425,3.615258,-7.68,2.465294344
28.397598,3.588029,-9.234,2.432799881
28.363122,3.598921,-8.503,2.631198452
28.272707,3.542613,-9.958,2.481408957
28.37444,3.542437,-7.25,2.40432103
28.349981,3.610935,-8.388,2.383645487
28.239512,3.578968,-6.241,2.49101524
28.366799,3.432856,-9.422,2.34388733
28.389522,3.436111,-7.382,2.639267229
28.37904,3.350208,-9.447,2.322969619
28.386359,3.610942,-6.654,2.766508037
28.353584,3.401213,-5.768,3.291837117
28.242974,3.601049,-8.434,2.982219444
28.382775,3.594278,-7.48,2.698754674
28.38242,3.27524,-6.853,3.585280265
28.402203,3.376721,-9.898,3.178758773
28.365361,3.607846,-8.634,2.859688603
28.240682,3.587967,-7.707,3.022106993
28.241229,3.5859,-7.069,3.263938181
28.381326,3.547124,-5.008,2.652502771
28.241391,3.564863,-10.507,2.614568173
28.410648,3.623576,-7.517,2.415305379
28.243146,3.562819,-10.179,2.870778839
28.243897,3.601231,-8.756,3.053707895
28.355401,3.515755,-9.916,3.147238324
28.402496,3.38203,-8.251,2.964552379
28.389842,3.245915,-4.582,2.570779256
28.377548,3.568751,-8.349,2.572885439
28.376465,3.589228,-6.302,2.970412239
28.39106,3.643642,-8.503,2.411981988
28.361251,3.611915,-8.606,3.092988494
28.374412,3.509763,-10.548,2.602858528
28.365332,3.439426,-11.106,3.297006297
28.242092,3.542651,-6.826,2.529333971
28.362247,3.612056,-9.457,4.238133477
28.370471,3.604896,-7.992,2.543609198
28.358232,3.616242,-8.705,2.829986558
28.36266,3.603461,-9.48,2.5682788
28.358167,3.611367,-6.533,2.71277019
28.361088,3.629143,-7.922,2.552667266
28.409816,3.395704,-11.805,2.671979796
28.391137,3.35822,-10.348,2.748226995
28.365598,3.404407,-8.149,2.756455629
28.381866,3.577198,-7.583,3.742952323
28.382429,3.575757,-7.295,2.935516001
28.388427,3.577732,-8.535,3.019071142
28.377387,3.621554,-8.91,2.52744353
28.397404,3.387827,-9.214,2.645577869
28.384963,3.509998,-7.982,2.974030396
28.376979,3.544108,-5.846,2.468677164
28.257992,3.558818,-9.767,2.508504959
28.414736,3.363819,-11.751,2.196911385
28.358465,3.618933,-8.65,2.624980159
28.390685,3.607488,-5.771,2.894088288
28.244025,3.568978,-9.923,2.38879403
28.402437,3.577346,-8.836,2.239730099
28.36235,3.621193,-7.299,2.319087664
28.24144,3.567333,-10.228,2.603435358
28.363745,3.533419,-9.791,3.121259263
28.367496,3.617368,-8.332,2.566969533
28.362604,3.53534,-9.62,2.911169802
28.367086,3.373084,-12.192,3.12678743
28.359092,3.383913,-10.583,2.477328766
28.377044,3.59128,-3.882,2.391325471
28.249399,3.556359,-7.654,2.475266641
28.380412,3.608836,-7.866,2.477547489
28.364087,3.369903,-12.249,3.217967178
28.370813,3.367217,-8.293,2.609135326
28.370289,3.374167,-10.568,3.166821548
28.368034,3.379769,-9.35,2.851220897
28.359496,3.60975,-8.207,3.252278854
28.420264,3.352115,-8.887,2.500519461
28.42751,3.350023,-9.524,2.414611771
28.38646,3.562648,-7.863,2.331475907
28.394663,3.598549,-8.98,2.994978912
28.368533,3.477576,-7.747,2.36932563
28.402001,3.390303,-7.23,2.479501047
28.369494,3.61366,-8.303,2.523454468
28.359138,3.611637,-8.816,3.405294444
28.357,3.615237,-9.343,3.281098433
28.41015,3.380524,-8.33,2.227580684
28.402828,3.439262,-5.921,2.866895368
28.243302,3.58578,-9.086,2.789652013
28.374849,3.372218,-7.583,2.265946363
28.407532,3.386656,-6.87,2.497663356
28.363972,3.402448,-9.356,2.417746788
28.366107,3.618114,-8.876,2.848836112
28.243598,3.568443,-9.878,2.838544337
28.405391,3.399962,-6.319,2.503076484
28.356921,3.469826,-6.981,3.053326482
28.402898,3.577394,-4.37,2.860059505
28.244839,3.568744,-9.507,3.13219655
28.400824,3.58675,-5.488,2.456755768
28.414053,3.381992,-7.859,2.460014574
28.395298,3.597773,-7.111,2.534386129
28.375699,3.371411,-8.117,2.592805106
28.3585,3.619507,-8.587,2.481205194
28.369989,3.487326,-7,2.43700554
28.37852,3.571792,-9.02,2.596031119
28.361721,3.376734,-11.786,2.535384827
28.360034,3.31597,-6.308,2.631294245
28.377909,3.613847,-8.278,2.429219944
28.384893,3.595674,-8.381,2.445628376
28.244921,3.592006,-8.885,2.494003427
28.392439,3.550044,-7.998,2.502403073
28.405537,3.388286,-8.299,2.282237278
28.399856,3.391523,-8.729,2.28495495
28.394274,3.555688,-10.874,2.338783331
28.369254,3.477377,-6.926,2.278196489
28.421992,3.382568,-6.13,2.120863554
28.367578,3.408247,-6.964,2.233772973
28.355838,3.613481,-8.507,3.061283471
28.245767,3.596041,-9.575,3.054598335
28.396181,3.348642,-6.601,2.433324873
28.38468,3.409397,-6.882,2.472822545
28.394303,3.589812,-11.416,2.446634846
28.357646,3.634979,-10.661,2.473483133
28.342677,3.458754,-6.36,2.236007873
28.359235,3.617142,-7.602,2.803982044
28.37737,3.351696,-11.028,2.756894666
28.368122,3.480893,-7.049,2.639677007
28.427854,3.377653,-6.131,3.042407975
28.373695,3.370455,-8.16,2.590871762
28.377926,3.512503,-8.901,2.835566725
28.396381,3.6165,-6.315,3.216305583
28.417723,3.389237,-7.377,3.268876387
28.395134,3.617469,-6.199,3.811608689
28.372997,3.400116,-9.394,3.076706121
28.402818,3.388789,-8.646,3.091423987
28.36227,3.607748,-8.607,2.458392162
28.4184,3.380565,-8.067,2.708530691
28.400648,3.362177,-8.691,2.37969498
28.398289,3.612707,-6.183,2.814784405
28.413412,3.384718,-8.77,2.589184825
28.390012,3.607871,-5.783,2.5633456
28.238974,3.559122,-9.117,3.015711908
28.386157,3.27377,-6.563,3.03357221
28.398236,3.394366,-10.081,3.643062819
28.378989,3.624655,-5.954,2.952085164
28.241907,3.56125,-9.257,2.97373518
28.395758,3.559833,-10.103,3.214096243
28.41568,3.58389,-8.904,3.907175657
28.641186,3.43862,-11.584,3.292126774
28.352786,3.52558,-11.204,3.227977
28.361378,3.363193,-6.562,3.329306905
28.24092,3.587781,-9.089,3.405974565
28.364862,3.611773,-8.238,2.364480754
28.417419,3.367508,-9.387,2.504865332
28.338096,3.447462,-8.986,2.792186901
28.409641,3.397664,-8.262,2.709659182
28.41154,3.575407,-9.476,2.492687091
28.35941,3.612935,-8.541,2.393412467
28.357623,3.618057,-8.676,2.571352368
28.409723,3.579108,-10.101,2.450159494
28.364865,3.613752,-7.955,2.65032682
28.365517,3.406037,-7.252,2.901802477
28.369645,3.598576,-4.877,3.09447512
28.400822,3.611197,-7.963,2.97665936
28.24233,3.545467,-7.746,3.513238754
28.357464,3.448979,-9.22,3.041649369
28.362999,3.623195,-8.847,2.963108856
28.363557,3.618544,-9.838,3.230840494
28.362105,3.533854,-5.591,3.413323533
28.367831,3.619426,-7.907,3.015652509
28.424826,3.360571,-8.763,2.536110453
28.374407,3.496279,-7.892,2.632162651
28.377348,3.413421,-6.644,2.224374901
28.245145,3.566229,-11.371,2.881203735
28.366364,3.540361,-4.831,2.401283061
28.364426,3.540194,-5.478,2.744771875
28.370509,3.476982,-7.918,2.385693309
28.364477,3.539632,-5.271,2.511415607
28.4207,3.61961,-7.927,2.555928475
28.360992,3.629183,-8.319,3.322978292
28.354515,3.607128,-8.72,2.667656728
28.382826,3.609055,-9.196,3.155141326
28.396512,3.624186,-8.008,2.897896316
28.362455,3.613317,-9.221,2.889700845
28.387814,3.60783,-6.547,2.701376248
28.381972,3.613347,-8.403,2.532189932
28.362599,3.389941,-9.689,2.697265561
28.358778,3.612057,-9.256,3.732751141
28.373468,3.607809,-8.308,3.074055579
28.401589,3.624617,-8.141,3.159997478
28.370999,3.604791,-8.919,2.684098134
28.401657,3.610127,-7.311,2.252586929
28.36202,3.610661,-7.562,2.34771259
28.362095,3.61235,-7.985,2.594252565
28.40288,3.344601,-9.605,2.280016028
28.353003,3.629336,-10.368,2.390937238
28.361271,3.382098,-9.219,2.594850804
28.369979,3.566217,-9.617,2.638479015
28.402337,3.390745,-7.565,2.236621734
28.376714,3.608478,-9.318,2.78169997
28.363485,3.37806,-6.771,2.351879758
28.389233,3.604559,-6.88,3.129697538
28.391023,3.564573,-9.397,2.567135449
28.40293,3.375236,-9.874,2.628173828
28.410086,3.379175,-9.369,2.583704741
28.393008,3.558776,-7.878,2.315706764
28.368617,3.611104,-5.984,2.426610631
28.358933,3.369367,-7.637,3.192473913
28.402702,3.373918,-9.796,2.150853426
28.370089,3.608017,-9.093,2.846269657
28.370471,3.619668,-8.598,3.228580382
28.370996,3.621871,-7.921,3.050049346
28.370601,3.620475,-8.744,3.859627901
28.370689,3.614548,-8.129,2.539566045
28.374669,3.515771,-12.621,3.103015049
28.371032,3.408813,-7.22,2.950854255
28.369628,3.395041,-5.461,2.770038918
28.245589,3.598505,-8.918,2.795601657
28.606894,3.377039,-9.265,2.719275532
28.361833,3.421611,-8.849,2.856399674
28.377386,3.583613,-3.074,2.589076919
28.387575,3.600607,-4.906,2.550758478
28.385947,3.585678,-5.877,2.640843157
28.358674,3.620239,-8.888,3.472043382
28.358601,3.617676,-8.657,2.985478449
28.363306,3.616578,-8.012,2.436956945
28.415214,3.38122,-8.382,2.599164326
28.411077,3.384305,-8.945,2.459923073
28.348061,3.544942,-9.735,2.519209407
28.368135,3.619791,-5.394,2.754144293
28.369978,3.473577,-7.407,2.635479116
28.402481,3.418174,-7.408,2.913915838
28.36898,3.584831,-6.612,3.354539015
28.367566,3.581459,-5.548,2.72703485
28.371271,3.375356,-10.728,2.850955317
28.373437,3.614747,-10.181,2.576883902
28.381236,3.576105,-5.074,2.725465128
28.353889,3.621276,-5.181,2.584256718
28.3983,3.413115,-8.109,2.573031886
28.350726,3.397377,-6.657,2.472007526
28.400355,3.420795,-5.886,2.560784274
28.358628,3.319787,-11.766,2.409214409
28.369618,3.561091,-11.202,2.426483377
28.369018,3.557094,-10.331,2.713770389
28.386511,3.384778,-7.322,2.682874702
28.397902,3.614383,-5.135,2.707073902
28.366029,3.609237,-9.029,3.500615323
28.397699,3.596326,-5.236,2.862396789
28.380152,3.615078,-10.604,2.920014554
28.244215,3.57868,-9.824,2.629485674
28.360925,3.621177,-9.108,3.440006741
28.359858,3.625298,-8.251,2.637049974
28.368114,3.567928,-9.097,2.898772096
28.405532,3.366798,-10.548,2.80619392
28.368197,3.410701,-4.699,2.496506245
28.355262,3.604612,-8.986,2.889539266
28.357659,3.616148,-9.273,2.589460405
28.249672,3.607537,-11.489,2.662916477
28.234232,3.552124,-8.545,2.639117845
28.258175,3.551147,-10.574,2.544478939
28.239474,3.580948,-7.659,2.900497281
28.380207,3.546127,-7.452,2.994429475
28.411849,3.311841,-3.67,2.635708256
28.354842,3.415433,-5.606,2.431321702
28.408712,3.390622,-8.997,2.669163212
28.378,3.611848,-9.128,2.369364671
28.401035,3.388602,-8.71,2.855997365
28.397478,3.385624,-9.168,2.959614139
28.359845,3.366567,-8.077,2.813840631
28.232376,3.57848,-8.654,2.708162224
28.372869,3.583645,-6.538,2.626142869
28.348195,3.398364,-7.251,2.910285143
28.354755,3.391587,-6.637,3.334552301
28.248513,3.550935,-11.243,2.772875917
28.371017,3.490394,-8.874,2.795386818
28.374043,3.378665,-9.353,2.4897927
28.402685,3.400023,-8.389,2.35766198
28.402877,3.395361,-7.299,2.5548311
28.380549,3.38225,-7.264,2.319590962
28.423834,3.372374,-9.501,2.257740935
28.44329,3.377882,-8.39,2.34337126
28.245896,3.555561,-7.733,2.204252378
28.358755,3.355516,-7.053,2.67774145
28.396208,3.581386,-9.019,2.792758309
28.399928,3.578404,-3.713,2.877111234
28.379587,3.543527,-7.873,2.158556533
28.241577,3.564772,-10.485,2.62400438
28.358356,3.610962,-6.964,2.397958173
28.34639,3.407036,-9.71,3.168558903
28.242136,3.567069,-11.21,2.591980441
28.41676,3.55377,-4.108,2.551762504
28.358437,3.611887,-8.479,2.633911034
28.371923,3.61957,-8.411,2.820538184
28.365596,3.473131,-7.063,2.669335332
28.355032,3.40456,-6.607,3.563957625
28.361032,3.403172,-4.077,3.807268292
28.231505,3.564712,-9.541,2.8543356
28.378565,3.476994,-9.496,2.475297109
28.402008,3.41612,-7.277,2.649180514
28.405013,3.41921,-2.583,2.594828886
28.37327,3.608785,-8.006,2.433972493
28.366311,3.418531,-6.442,2.325176041
28.379575,3.617094,-3.922,2.195770707
28.361161,3.447588,-9.297,2.588114055
28.354212,3.435288,-12.524,2.55500537
28.422762,3.369992,-10.885,2.067524155
28.402225,3.560992,-4.524,2.534767636
28.380016,3.52986,-7.076,2.940419882
28.384059,3.379133,-7.212,2.562499978
28.410522,3.383521,-8.347,3.215442767
28.410064,3.443464,-2.5,2.682315517
28.362308,3.623501,-8.468,4.280355892
28.355146,3.615705,-9.456,4.111034833
28.355122,3.617421,-7.641,3.241072437
28.351169,3.616386,-10.582,3.078142205
28.364403,3.625246,-7.948,3.313113016
28.383859,3.586617,-7.58,2.867733263
28.368666,3.612442,-11.988,3.037007399
28.370024,3.623082,-8.881,3.411184834
28.371409,3.604694,-13.796,3.62172932
28.380739,3.598168,-11.739,2.363281209
28.397966,3.611,-5.921,2.549169464
28.356902,3.616549,-7.86,4.124253104
28.351299,3.377317,-8.04,3.471755609
28.360467,3.619616,-8.7,2.465428412
28.369364,3.360753,-5.637,3.017199081
28.364896,3.600778,-5.877,2.465225731
28.351513,3.308979,-4.482,2.742397511
28.358926,3.612286,-6.47,2.651463314
28.369892,3.629458,-7.424,2.553680353
28.385014,3.573824,-4.693,2.718647478
28.402024,3.599014,-6.188,2.68776216
28.36053,3.60974,-8.978,2.430312936
28.362944,3.393564,-9.669,3.165182057
28.370131,3.379789,-6.164,2.559322727
28.374968,3.617343,-8.309,2.312984888
28.362259,3.395472,-9.597,2.817971263
28.380418,3.375736,-2.349,3.017650782
28.35174,3.414573,-4.423,3.36065912
28.342016,3.309844,-3.631,2.942807416
28.384025,3.431997,-12.001,2.770883078
28.347215,3.38624,-6.475,3.50801069
28.375891,3.570323,-5.488,2.6759391
28.3619,3.606673,-8.343,3.675141243
28.355675,3.60728,-8.736,2.893329441
28.403927,3.588665,-5.877,2.789675989
28.384388,3.591059,-9.791,2.640982934
28.258396,3.562043,-10.299,3.305758028
28.40759,3.583766,-7.167,2.339703062
28.362077,3.326981,-5.022,2.381661781
28.369732,3.618467,-8.692,3.271053235
28.261983,3.560129,-7.405,5.151110885
28.256837,3.566973,-9.435,3.561396141
28.260563,3.544187,-7.265,3.410393034
28.269936,3.532362,-9.698,3.078302516
28.259469,3.566776,-8.961,3.198528121
28.278812,3.539325,-10.701,3.491382058
28.262485,3.548413,-8.018,3.070276368
28.282817,3.540827,-10.141,3.472740049
28.254665,3.568209,-8.989,4.137225377
28.2723,3.54217,-10.03,2.915076771
28.27349,3.542362,-10.987,3.156375343
28.272957,3.539215,-10.3,2.655937675
28.257475,3.521509,-9.508,2.784220626
28.266259,3.563471,-10.274,3.473166263
28.28376,3.543239,-10.966,2.621828964
28.256003,3.558227,-7.74,2.775148578
28.261305,3.569796,-8.986,2.748239896
28.262877,3.566142,-10.01,2.909061276
28.263123,3.562466,-9.629,2.795705737
28.2606,3.536923,-8.668,2.523867563
28.259021,3.569155,-10.453,3.23425414
28.277618,3.566968,-5.738,3.3514821
28.37923,3.556527,-7.941,3.14409273
28.380251,3.555845,-8.491,3.310642675
28.252938,3.567255,-10.45,3.862748584
28.264301,3.566907,-9.23,3.100525787
28.413318,3.369813,-8.582,2.895500457
28.279389,3.552326,-9.934,2.574040495
28.264045,3.561486,-9.464,2.888921937
28.259537,3.56748,-8.044,3.088927208
28.258212,3.565131,-9.378,3.674207613
28.272282,3.532939,-7.955,2.928737052
28.284852,3.536557,-11.647,2.539811048
28.270096,3.535071,-10.176,2.747912783
28.260423,3.563278,-9.641,2.423765222
28.257713,3.563957,-10.521,2.522629197
28.261506,3.544553,-8.287,2.492255341
28.271229,3.562034,-8.678,3.447414902
28.26959,3.563598,-8.714,3.012935181
28.266875,3.558778,-9.32,3.094102615
28.272081,3.561055,-6.954,2.925400179
28.261482,3.5483,-9.053,3.481291419
28.355553,3.422098,-6.628,2.529081336
28.282976,3.541343,-9.842,2.587446905
28.270236,3.564252,-8.729,2.926920395
28.263539,3.544635,-9.971,2.875614453
28.253974,3.530544,-8.322,2.685624816
28.276934,3.559522,-9.974,2.721555173
28.261163,3.577883,-9.949,3.431404412
28.256507,3.568004,-9.456,2.805683844
28.284498,3.536905,-8.196,2.388448747
28.273434,3.532757,-9.455,2.478853029
28.344287,3.397013,-6.708,2.834158346
28.280906,3.543855,-8.645,2.599944204
28.285844,3.540088,-9.693,2.512784978
28.259495,3.544846,-11.342,2.47917659
28.254331,3.568522,-8.701,2.935685882
28.285916,3.546365,-9.239,2.547116019
28.257525,3.56859,-8.29,2.710975518
28.277929,3.541241,-10.723,2.815170942
28.268049,3.564905,-8.575,3.10011889
28.268652,3.566365,-7.408,3.215083375
28.28765,3.547347,-6.692,3.060865619
28.264434,3.565214,-9.227,2.792189897
28.265041,3.564698,-7.908,3.480862073
28.264279,3.561411,-8.833,3.6403045
28.264756,3.563851,-9.068,3.387750991
28.28657,3.569696,-5.741,2.865493713
28.265595,3.540633,-9.118,3.011171066
28.262334,3.567709,-6.946,3.137039322
28.258758,3.566511,-8.779,3.150590109
28.259687,3.568555,-8.487,2.798709662
28.260205,3.569081,-7.707,3.019246063
28.281492,3.541896,-9.398,2.862093055
28.265357,3.564802,-8.834,3.707047966
28.266071,3.565649,-8.796,2.899913572
28.266685,3.568629,-9.287,2.935571799
28.265356,3.561347,-8.421,3.064781483
28.361927,3.610371,-8.93,2.893300842
28.254355,3.533934,-8.333,3.302183448
28.3596,3.618282,-8.747,3.146664156
28.284522,3.53505,-8.644,2.69911968
28.265963,3.56823,-8.289,3.167860474
28.256862,3.56814,-9.751,3.693378788
28.257462,3.566831,-9.066,2.92536328
28.263778,3.564436,-8.284,2.616369016
28.263474,3.569641,-8.833,2.839530517
28.268677,3.565309,-8.23,2.989478792
28.265552,3.560684,-9.214,3.469826049
28.259679,3.5693,-8.763,2.666388007
28.362374,3.621394,-8.69,2.838841139
28.25697,3.565027,-10.087,3.681153529
28.376236,3.541116,-8.892,2.699752433
28.265816,3.562575,-8.758,2.597793049
28.260465,3.570062,-8.033,2.684381129
28.254978,3.563754,-8.858,2.73346563
28.265551,3.562072,-8.469,2.586156015
28.255654,3.564731,-9.318,2.693979955
28.271423,3.558531,-8.738,3.661976495
28.26543,3.560792,-9.047,2.619481891
28.259216,3.570248,-7.648,2.385821437
28.266321,3.567362,-8.389,2.496944374
28.257397,3.56525,-8.914,2.930144962
28.257486,3.567235,-9.104,2.747825092
28.257674,3.564128,-9.516,2.556969175
28.359375,3.311284,-6.691,3.161519681
28.256856,3.560168,-7.628,2.60933712
28.258842,3.568239,-9.259,2.98612126
28.265258,3.56487,-8.49,2.578889579
28.264801,3.563599,-9.183,3.937233634
28.412946,3.379718,-8.696,2.419046783
28.257059,3.569366,-7.89,2.268990645
28.251584,3.569345,-11.306,2.524581682
28.266308,3.55206,-11.459,2.437453585
28.25785,3.565699,-8.998,2.524355587
28.380455,3.544148,-11.318,3.220157187
28.258508,3.568575,-9.949,2.851567029
28.412586,3.364687,-9.596,2.73988413
28.258221,3.570139,-8.41,2.695507511
28.246213,3.595559,-9.872,2.508926874
28.258767,3.571918,-9.054,2.280585904
28.259056,3.568957,-8.083,2.478593831
28.432045,3.37666,-3.872,2.733305302
28.366486,3.380523,-9.048,2.937980355
28.256574,3.566685,-7.945,2.764645909
28.269029,3.575709,-5.139,2.571635254
28.358643,3.438429,-11.005,3.619809707
28.253231,3.570177,-8.863,2.510195917
28.260457,3.556904,-9.604,2.729075479
28.259442,3.570104,-9.245,2.363737843
28.254861,3.567958,-10.362,2.657588263
28.265419,3.532808,-9.608,3.063749008
28.281618,3.54547,-9.701,2.743663447
28.259292,3.54826,-9.47,3.15954105
28.254742,3.564123,-10.091,2.632405327
28.26453,3.563879,-8.841,2.858041907
28.257393,3.568322,-8.113,2.484840391
28.257492,3.568829,-8.556,2.538232431
28.257681,3.537505,-8.072,2.756731805
28.261387,3.562877,-8.511,3.42315574
28.390058,3.598387,-6.926,2.899729522
28.280047,3.541035,-8.297,3.155589009
28.269102,3.567093,-7.468,3.145561996
28.259478,3.568897,-8.308,2.990026021
28.254749,3.567067,-9.196,2.805247962
28.274837,3.568418,-6.69,2.637303933
28.355674,3.405524,-5.249,3.025109976
28.360654,3.612684,-9.743,4.839580437
28.36871,3.612142,-9.101,3.3795744
28.367474,3.606783,-8.862,3.832295292
28.366455,3.608899,-6.802,3.769758726
28.355719,3.611646,-8.113,3.247569153
28.35724,3.611126,-8.572,2.682947929
28.365014,3.606981,-8.358,3.638003445
28.372595,3.607515,-8.767,3.074431761
28.370462,3.608468,-9.106,4.144290184
28.256083,3.565931,-9.164,2.724297241
28.379366,3.61348,-8.71,2.608519053
28.366973,3.607662,-7.261,2.933996749
28.351949,3.609289,-8.427,2.973054595
28.362914,3.55,-10.6,2.813163193
28.358591,3.609957,-7.621,2.614960084
28.370809,3.601138,-7.592,2.667499317
28.369462,3.607225,-6.646,2.5278732
28.27278,3.561282,-8.831,2.55483569
28.359637,3.609235,-8.282,2.976939703
28.257141,3.566659,-8.384,2.480521101
28.277936,3.537982,-8.667,2.565481344
28.381303,3.548302,-8.074,2.588974913
28.271226,3.534079,-8.019,2.507950644
28.278362,3.538972,-8.826,3.27067988
28.278403,3.538329,-8.932,2.639653475
28.277214,3.538396,-9.083,2.674208676
28.262972,3.57098,-9.049,2.192375779
28.275777,3.537642,-8.606,2.614769499
28.266304,3.560584,-8.334,2.565777739
28.355437,3.609529,-7.028,2.693625728
28.257456,3.568244,-8.821,3.372696424
28.360783,3.597075,-5.851,2.374703481
28.265143,3.562629,-8.753,2.318032736
28.365344,3.614544,-7.652,2.760595652
28.364061,3.617581,-8.024,2.287534076
28.365409,3.61459,-7.773,2.746736146
28.364838,3.616736,-7.192,2.49597658
28.351942,3.610509,-9.142,2.682750711
28.369851,3.489061,-8.512,2.915847421
28.399623,3.346046,-7.369,3.131857217
28.396006,3.427787,-6.214,2.758874981
28.348609,3.390823,-7.143,2.757508726
28.275658,3.537323,-7.6,3.869664611
28.277585,3.537721,-9.268,3.743531762
28.278605,3.536621,-8.684,3.432140403
28.275593,3.5354,-9.921,3.047879716
28.277213,3.540493,-8.709,3.322920483
28.271212,3.558779,-8.256,2.8640742
28.281444,3.538856,-10.865,3.519426597
28.271367,3.542231,-9.386,3.021358185
28.284076,3.542262,-8.696,3.072276177
28.260299,3.55434,-8.15,2.649032321
28.367161,3.610228,-7.262,2.591854572
28.263891,3.555287,-9.434,2.446778021
28.364617,3.615861,-7.857,2.527522628
28.389307,3.599102,-6.644,2.661124105
28.277514,3.538969,-8.921,3.393906041
28.276392,3.536523,-7.911,4.940929701
28.285408,3.543461,-8.187,3.310259459
28.277421,3.543707,-6.756,3.056881987
28.276794,3.534991,-7.686,4.181360887
28.278258,3.535887,-8.412,4.425705878
28.282137,3.528372,-7.285,3.946147783
28.27932,3.538644,-6.015,2.996869584
28.281627,3.535803,-4.85,3.077210188
28.287379,3.545847,-6.646,2.786720751
28.274234,3.529722,-6.702,2.930381426
28.283028,3.54466,-8.337,2.915296764
28.285173,3.543152,-8.072,3.627631514
28.281903,3.542593,-8.404,3.09828556
28.270203,3.575472,-5.619,2.782524921
28.279154,3.536212,-5.208,2.883425328
28.265749,3.541311,-8.98,3.238649967
28.277357,3.537529,-5.882,2.694932298
28.23177,3.54966,-10.8,3.038108598
28.258906,3.560231,-7.912,3.125714658
28.278945,3.530069,-6.2,2.704924364
28.367952,3.616957,-9.061,2.89508206
28.372727,3.331787,-10.294,3.115399833
28.25712,3.557297,-7.419,2.553989066
28.269691,3.566753,-8.078,2.709901025
28.400518,3.604836,-8.292,2.72455191
28.276987,3.539239,-7.921,2.527947934
28.27718,3.535719,-9.272,2.818553526
28.380923,3.612599,-8.555,3.00322999
28.356307,3.618579,-6.911,2.820839129
28.435569,3.372101,-6.574,3.751585327
28.365755,3.584095,-4.593,3.679042122
28.265235,3.570552,-8.668,2.809405217
28.396891,3.341119,-3.216,3.370084936
28.285386,3.543793,-7.886,2.907560559
28.364213,3.62072,-8.473,2.970756536
28.277799,3.540658,-9.725,2.905944381
28.707382,3.67993,-14.671,3.850844865
28.257394,3.565556,-8.217,2.575484249
28.281136,3.542518,-9.357,3.371797397
28.371976,3.43645,-5.905,3.174323039
28.258788,3.561714,-7.25,2.708814591
28.267768,3.543348,-10.491,2.63054889
28.280877,3.536017,-5.592,2.670671274
28.368404,3.483248,-8.647,3.299235463
28.395961,3.341371,-7.713,2.71030985
28.286503,3.540365,-7.245,2.543267283
28.666821,3.645216,-19.892,4.644582903
28.25762,3.564711,-8.799,3.576082976
28.259918,3.572206,-8.65,2.658819177
28.370885,3.487711,-8.242,3.323279165
28.414377,3.576732,-9.176,3.003523153
28.276341,3.531427,-8.958,2.879450569
28.266844,3.564328,-7.136,2.97087242
28.239978,3.582293,-7.116,4.444248629
28.244878,3.575617,-10.553,3.391509625
28.241317,3.583558,-7.604,3.176754924
28.418763,3.373505,-8.406,3.319505561
28.270573,3.52965,-10.088,2.742481074
28.280712,3.538253,-9.139,3.012598853
28.26422,3.562608,-8.055,3.483238528
28.264226,3.566453,-7.66,2.906072335
28.29517,3.571004,-3.372,2.836183678
28.363864,3.58116,-4.447,3.546981547
28.36468,3.384157,-6.475,3.417423075
28.258841,3.561422,-9.115,2.986051345
28.274953,3.539825,-8.883,3.748234592
28.378125,3.518393,-11.122,2.864437656
28.389537,3.380336,-7.254,2.489344617
28.26214,3.561742,-9.031,3.134347954
28.374543,3.329279,-10.41,2.930276782
28.425283,3.379442,-5.649,2.925323474
28.37246,3.596298,-5.291,2.983517523
28.352918,3.613809,-8.642,2.799199878
28.386428,3.595841,-6.094,2.853062222
28.242537,3.582738,-8.225,3.630813437
28.366911,3.549082,-9.678,2.80771495
28.365828,3.619762,-8.846,2.51373592
28.407614,3.365546,-9.682,2.753236426
28.262976,3.559197,-9.189,3.461086061
28.373218,3.577397,-3.641,2.427963311
28.424785,3.3727,-7.513,2.659693661
28.247554,3.600004,-9.602,2.922150678
28.279858,3.530889,-6.031,2.746961357
28.363398,3.619292,-8.274,4.111520461
28.36538,3.620543,-8.466,3.323161269
28.363409,3.618086,-8.329,3.442287279
28.362697,3.620821,-8.844,3.408214612
28.361402,3.61861,-9.519,3.322435109
28.275872,3.539247,-8.788,2.670264289
28.367486,3.61823,-7.414,2.584794977
28.280602,3.54567,-5.095,2.546229237
28.405105,3.597812,-8.633,2.366679889
28.429401,3.383067,-7.352,2.63151589
28.368319,3.499461,-11.869,2.530275291
28.402342,3.39824,-9.842,2.635046652
28.37808,3.560637,-9.164,2.279986366
28.277342,3.538348,-5.53,2.59962686
28.275484,3.535546,-7.806,2.295317102
28.283782,3.538365,-8.686,2.848690603
28.378112,3.561161,-10.135,2.999182399
28.415825,3.389596,-8.158,2.536755188
28.275342,3.537923,-8.378,2.532615293
28.37716,3.610365,-10.223,2.770928611
28.283866,3.543561,-8.321,3.213820842
28.28221,3.536739,-9.681,2.462624358
28.26503,3.561735,-8.391,3.086300788
28.265423,3.563435,-8.011,3.377919906
28.268259,3.555667,-10.695,2.427779117
28.265486,3.563708,-8.955,2.477518809
28.365452,3.58187,-4.214,2.694247032
28.244557,3.558886,-10.057,2.677307726
28.26719,3.554059,-10.948,2.456910773
28.284479,3.544102,-8.588,2.172003092
28.429607,3.346916,-10.428,2.656969379
28.26081,3.56773,-8.826,2.341002415
28.262461,3.567565,-8.156,2.342079564
28.261585,3.567543,-8.118,2.461356176
28.262474,3.566701,-7.836,2.676830114
28.282219,3.542276,-10.072,2.644437846
28.254689,3.532664,-8.656,2.953986901
28.282702,3.534527,-8.863,2.738571515
28.354473,3.407834,-5.672,2.578200252
28.286797,3.546067,-8.029,2.414336499
28.267733,3.570477,-8.346,2.598451441
28.335894,3.453256,-10.761,2.888093646
28.365206,3.615514,-9.511,2.744673372
28.281352,3.532982,-9.966,2.458506682
28.258554,3.544349,-8.268,2.560312832
28.257515,3.535134,-9.004,2.443723273
28.422853,3.372911,-8.726,2.568349897
28.420862,3.370612,-9.892,3.293575568
28.42837,3.376187,-6.914,2.303452381
28.425212,3.368195,-8.822,2.794841871
28.426318,3.377728,-7.374,2.473778048
28.426827,3.366985,-8.398,2.726126606
28.432803,3.344289,-10.59,2.317611377
28.399566,3.609562,-4.824,2.543550318
28.419964,3.3614,-10.092,2.710316676
28.422353,3.361812,-10.052,2.861624975
28.247347,3.588938,-7.665,2.503749762
28.423183,3.364085,-9.6,2.112980421
28.403745,3.366736,-11.577,2.247673062
28.394138,3.603315,-4.25,2.444174247
28.386597,3.610442,-7.779,2.345935526
28.362683,3.388184,-10.308,2.792458792
28.339752,3.324517,-4.895,2.893227259
28.276605,3.546858,-8.285,3.086542762
28.276,3.540948,-8.221,3.167526207
28.285194,3.543783,-9.497,2.983720034
28.355453,3.597814,-9.73,2.53197873
28.267253,3.552862,-11.552,2.42574038
28.333778,3.450717,-12.902,2.427269416
28.341073,3.613499,-8.964,2.300887846
28.370995,3.331808,-9.269,2.17564789
28.377487,3.330511,-10.37,2.618006477
28.406398,3.595953,-6.274,2.56628634
28.410025,3.368924,-10.066,2.409959601
28.410719,3.369569,-10.193,2.400390436
28.279929,3.536524,-11.199,2.252993792
28.353309,3.398879,-6.5,2.642380695
28.707073,3.696753,-17.284,4.471978373
28.708559,3.705502,-18.234,4.524439487
28.402157,3.616458,-5.278,3.018694481
28.407482,3.563157,-6.932,2.656622323
28.3583,3.616902,-7.052,2.863015664
28.263133,3.551004,-11.169,2.811176352
28.276716,3.534246,-6.119,2.520604655
28.338891,3.450384,-11.383,2.572361987
28.68051,3.632832,-19.26,2.796190593
28.24765,3.563936,-9.901,2.358830797
28.659901,3.617295,-22.09,3.041476324
28.670845,3.612593,-22.159,2.758578066
28.403207,3.419469,-7.515,2.160626737
28.264684,3.564277,-7.858,2.40428054
28.373893,3.494498,-9.295,2.616651858
28.262852,3.559087,-8.312,2.218636821
28.399287,3.420117,-9.183,2.731146249
28.268109,3.565298,-7.257,2.922850571
28.367739,3.618142,-9.99,2.539626196
28.35702,3.619151,-7.931,2.706043617
28.355986,3.617336,-7.722,2.58436782
28.407783,3.572256,-9.132,2.812789442
28.337045,3.454238,-6.778,2.899723701
28.349182,3.323166,-6.516,2.480193909
28.37671,3.483686,-10.401,2.477914603
28.287282,3.538716,-10.137,2.699291349
28.290651,3.53842,-10.272,1.965426217
28.552181,3.329494,-12.023,3.123656633
28.550392,3.330226,-12.072,2.684632036
28.265077,3.564503,-7.769,2.436698073
28.282555,3.542116,-10.291,2.43363248
28.339675,3.456837,-9.047,3.263887277
28.357973,3.453327,-12.674,2.703605557
28.261869,3.562514,-7.894,3.118799279
28.275819,3.545728,-7.903,3.158809571
28.264618,3.562599,-7.426,3.083946483
28.42914,3.377176,-6.267,3.107947157
28.266911,3.570287,-10.123,3.170985731
28.384898,3.604376,-9.412,3.003895178
28.369224,3.354099,-5.942,3.187466247
28.276339,3.544727,-8.637,2.437164936
28.433397,3.37266,-6.531,2.637686112
28.263976,3.565481,-9.175,3.270978703
28.364003,3.497818,-10.935,2.752073769
28.363551,3.614429,-8.467,2.523342968
28.427866,3.355751,-9.026,2.770327765
28.264372,3.5439,-9.437,2.489852173
28.261737,3.532899,-6.503,2.398598136
28.264795,3.564226,-6.612,2.573545685
28.365528,3.510031,-10.64,3.075455394
28.259931,3.568437,-8.298,2.785438001
28.350436,3.418137,-8.085,2.943804627
28.260139,3.571729,-7.593,2.373800568
28.367417,3.615307,-7.621,2.961546606
28.239132,3.593167,-8.08,2.682717044
28.260032,3.567713,-7.662,2.155106751
28.371821,3.61448,-8.223,2.835952999
28.264713,3.562784,-6.717,2.482736907
28.265324,3.552456,-10.537,2.253431592
28.371772,3.619585,-7.241,2.352641211
28.351662,3.490178,-3.146,2.779236534
28.368441,3.50604,-4.907,2.397759054
28.242545,3.570302,-8.797,2.77153449
28.276726,3.538571,-7.878,3.028696608
28.2779,3.536251,-7.895,2.736435545
28.273391,3.536117,-8.902,2.852698764
28.266527,3.566248,-7.329,3.770546873
28.265289,3.566876,-8.028,3.036057654
28.264302,3.560596,-8.573,2.644867828
28.258143,3.560729,-7.988,2.260080877
28.404396,3.430156,-5.505,2.645704836
28.347942,3.39505,-7.907,2.367694292
28.365873,3.617293,-9.105,2.913600668
28.383276,3.59797,-9.074,2.675271335
28.264474,3.562115,-8.035,2.793627699
28.26551,3.562945,-7.38,2.767888631
28.363086,3.614231,-8.758,2.547258092
28.366717,3.619889,-8.881,2.778105425
28.357461,3.387155,-3.453,2.698080872
28.362778,3.623093,-9.053,2.824591631
28.366721,3.377786,-10.876,3.202752657
28.248847,3.5241,-8.372,2.753101026
28.359524,3.382918,-8.619,3.301599122
28.266864,3.563919,-7.997,2.921143054
28.267375,3.563357,-7.814,2.830027321
28.41174,3.398876,-8.526,2.65073917
28.341075,3.474345,-5.75,2.518047307
28.375684,3.372508,-10.813,2.70020595
28.37148,3.489449,-9.14,3.018014637
28.387741,3.625947,-7.622,2.70342786
28.369707,3.370148,-10.422,2.727344252
28.268217,3.56368,-6.757,2.443957047
28.275589,3.546745,-7.851,2.6439372
28.263104,3.564115,-10.319,2.252754482
28.361256,3.370608,-9.111,3.481581015
28.360583,3.371633,-7.632,2.95912266
28.364532,3.391854,-9.257,3.007004471
28.39192,3.576534,-6.062,2.751158035
28.280096,3.527621,-8.198,2.44153271
28.407165,3.426946,-12.113,3.529511283
28.337649,3.613174,-8.902,2.267647295
28.389099,3.601263,-6.534,2.721898416
28.387625,3.601333,-7.336,2.682771494
28.374611,3.363074,-11.351,3.089867744
28.3797,3.349843,-5.466,2.946649497
28.371045,3.355846,-12.439,3.037606384
28.366121,3.467516,-11.214,2.596492223
28.367761,3.394597,-8.866,2.63350257
28.366541,3.369276,-9.33,2.752678984
28.342215,3.45476,-9.087,3.251440288
28.339591,3.454809,-7.368,2.931469664
28.27419,3.530502,-10.499,2.931075975
28.381687,3.353136,-12.35,3.11903531
28.402668,3.61947,-6.86,2.803909829
28.400159,3.61911,-6.451,2.969258464
28.278064,3.525401,-9.27,2.966477661
28.278196,3.525696,-8.978,2.902354417
28.278988,3.526844,-9.288,3.420492299
28.093123,3.74312,-10.207,3.046743896
28.095862,3.742933,-10.551,3.075918885
28.095173,3.74392,-10.569,2.591056545
28.095029,3.743979,-10.294,2.839176718
28.094719,3.741148,-10.428,2.588940594
28.362386,3.620088,-8.727,2.413916928
28.358466,3.619246,-8.762,2.594556048
28.353232,3.625738,-9.503,2.763608244
28.341459,3.452535,-8.606,2.652976042
28.388943,3.602484,-6.013,2.432401498
28.09508,3.740969,-10.255,2.496174675
28.360349,3.625498,-9.06,3.348519657
28.400788,3.628012,-8.409,2.67361704
28.237672,3.563887,-8.775,3.44445068
28.354595,3.60771,-6.398,2.683200759
28.34118,3.451313,-9.047,2.765780453
28.33248,3.442375,-11.081,4.339565566
28.377269,3.611448,-8.609,2.920983825
28.384707,3.586592,-7.216,2.546736094
28.364514,3.371042,-10.919,2.615477323
28.362307,3.623963,-9.375,3.097561703
28.369046,3.376075,-10.883,2.493029373
28.346619,3.449696,-12.115,2.676389425
28.340763,3.453308,-11.241,2.669578824
28.361707,3.629872,-8.86,2.891309291
28.36466,3.377715,-10.367,2.880578369
28.338015,3.450799,-10.892,2.530743258
28.385068,3.601947,-8.515,2.815353596
28.267644,3.541743,-9.824,2.530844862
28.37086,3.364585,-8.106,2.923352903
28.362037,3.379019,-11.153,3.682277184
28.258928,3.564891,-9.574,3.792710272
28.258305,3.564998,-9.404,2.731058426
28.278512,3.536866,-6.166,2.731878864
28.361806,3.382843,-9.86,3.223130291
28.249191,3.615263,-9.382,3.669072723
28.259157,3.559742,-7.892,2.660118516
28.392893,3.344322,-8.676,4.163484231
28.393244,3.34725,-8.143,3.236079855
28.242154,3.57405,-8.801,2.806744845
28.361488,3.378985,-9.794,3.034169371
28.362529,3.393249,-11.038,2.536304617
28.365838,3.617195,-8.76,2.579320196
28.267681,3.556128,-10.881,2.924459057
28.363465,3.383842,-9.72,3.226585353
28.394543,3.340857,-8.661,3.754396204
28.398653,3.344517,-6.103,3.221912181
28.347725,3.462674,-3.169,3.237229971
28.256462,3.561737,-10.322,2.950781529
28.243845,3.579807,-10.991,2.446678405
28.354981,3.61399,-15.024,2.592223867
28.362358,3.365721,-7.234,2.907650108
28.31211,3.797831,-14.383,3.755137312
28.394605,3.342227,-8.419,3.149682625
28.363876,3.621237,-9.27,3.191509108
28.354824,3.614379,-14.444,2.72795531
28.364968,3.375156,-10.174,2.509564796
28.314074,3.800273,-12.551,2.847842982
28.362068,3.615915,-8.723,2.687844982
28.35159,3.614532,-15.728,2.433531332
28.21058,3.567616,-9.554,3.295607366
28.274426,3.534487,-5.68,3.421982868
28.40586,3.426283,-7.018,2.931934357
28.364782,3.628008,-5.88,3.106719293
28.374556,3.608848,-5.822,3.603708076
28.370698,3.607715,-9.255,3.198643853
28.364623,3.589651,-15.738,3.982145888
28.369295,3.598884,-12.183,3.091875392
28.354847,3.39663,-11.519,4.060177288
28.419338,3.38963,-6.368,3.230488051
